"","speaker","plays","count_speaker","count_plays"
"1",".","ARTAXERXES et Heroisk Skuespill udi Tre ACTER.",1,1
"2","1.","Den politiske kandestøber Komedie",8,1
"3","1. advokat","Barselsstuen Komedie, Den politiske kandestøber Komedie, Den stundesløse Komedie i 3 akter, Jeppe på Bjerget eller Den forvandlede bonde",87,4
"4","1. advokat/anklageren","Barselsstuen Komedie, Den politiske kandestøber Komedie, Jeppe på Bjerget eller Den forvandlede bonde",30,3
"5","1. bonde","Melampe Tragikomedie",15,1
"6","1. dame","Barselsstuen Komedie",50,1
"7","1. doktor","Jeppe på Bjerget eller Den forvandlede bonde",7,1
"8","1. filosof","Sganarels rejse til det filosofiske land Komedie i 1 akt hvori skæmtes med de gamle filosofiske sekter",3,1
"9","1. gaudieb","Pernilles korte frøkenstand Komedie i 3 akter",3,1
"10","1. jøde","Ulysses von Ithacia eller En tysk komedie",1,1
"11","1. købmand","Den 11. juni",5,1
"12","1. komediant","Hekseri eller blind alarm Komedie i 5 akter",31,1
"13","1. kvinde","Sganarels rejse til det filosofiske land Komedie i 1 akt hvori skæmtes med de gamle filosofiske sekter",16,1
"14","1. mand","Barselsstuen Komedie, Hekseri eller blind alarm Komedie i 5 akter",15,2
"15","1. officer","Barselsstuen Komedie",10,1
"16","1. pige","Barselsstuen Komedie, Den politiske kandestøber Komedie, Det lykkelige skibbrud Komedie i 5 akter, Hekseri eller blind alarm Komedie i 5 akter, Melampe Tragikomedie, Plutus eller Proces imellem fattigdom og rigdom En heroisk komedie i 5 akter",111,6
"17","1. proprietær","Den 11. juni",5,1
"18","1. rådsherre","Den pantsatte bondedreng Komedie i 3 akter, Plutus eller Proces imellem fattigdom og rigdom En heroisk komedie i 5 akter",78,2
"19","1. rådsherreinde","Den politiske kandestøber Komedie",1,1
"20","1. soldat","Hekseri eller blind alarm Komedie i 5 akter",5,1
"21","1. vært","Den pantsatte bondedreng Komedie i 3 akter",5,1
"22","1. vagt","Hekseri eller blind alarm Komedie i 5 akter",5,1
"23","2.","Den politiske kandestøber Komedie",3,1
"24","2. advokat","Barselsstuen Komedie, Den politiske kandestøber Komedie, Jeppe på Bjerget eller Den forvandlede bonde",34,3
"25","2. bonde","Melampe Tragikomedie",10,1
"26","2. dame","Barselsstuen Komedie",30,1
"27","2. doktor","Jeppe på Bjerget eller Den forvandlede bonde",7,1
"28","2. filosof","Sganarels rejse til det filosofiske land Komedie i 1 akt hvori skæmtes med de gamle filosofiske sekter",3,1
"29","2. gaudieb","Pernilles korte frøkenstand Komedie i 3 akter",4,1
"30","2. jøde","Ulysses von Ithacia eller En tysk komedie",11,1
"31","2. købmand","Den 11. juni",5,1
"32","2. komediant","Hekseri eller blind alarm Komedie i 5 akter",14,1
"33","2. kvinde","Sganarels rejse til det filosofiske land Komedie i 1 akt hvori skæmtes med de gamle filosofiske sekter",16,1
"34","2. mand","Barselsstuen Komedie",2,1
"35","2. musikant","Den vægelsindede Komedie i 3 akter",1,1
"36","2. officer","Barselsstuen Komedie",26,1
"37","2. pige","Det lykkelige skibbrud Komedie i 5 akter, Hekseri eller blind alarm Komedie i 5 akter",21,2
"38","2. proprietær","Den 11. juni",6,1
"39","2. rådsherre","Den pantsatte bondedreng Komedie i 3 akter, Plutus eller Proces imellem fattigdom og rigdom En heroisk komedie i 5 akter",9,2
"40","2. soldat","Hekseri eller blind alarm Komedie i 5 akter",5,1
"41","2. vært","Den pantsatte bondedreng Komedie i 3 akter",5,1
"42","2. vagt","Hekseri eller blind alarm Komedie i 5 akter",2,1
"43","3 mænd","Jeppe på Bjerget eller Den forvandlede bonde",6,1
"44","3. filosof","Sganarels rejse til det filosofiske land Komedie i 1 akt hvori skæmtes med de gamle filosofiske sekter",6,1
"45","3. gaudieb","Pernilles korte frøkenstand Komedie i 3 akter",2,1
"46","3. kvinde","Sganarels rejse til det filosofiske land Komedie i 1 akt hvori skæmtes med de gamle filosofiske sekter",29,1
"47","3. proprietær","Den 11. juni",1,1
"48","3. rådsherre","Den pantsatte bondedreng Komedie i 3 akter",1,1
"49","abelone","Barselsstuen Komedie, Den vægelsindede Komedie",37,2
"50","abrahams","Den politiske kandestøber Komedie",12,1
"51","abrahams og sanderus","Den politiske kandestøber Komedie",1,1
"52","advokaten","Den politiske kandestøber Komedie, Den stundesløse Komedie i 3 akter",29,2
"53","aesculapius","Plutus eller Proces imellem fattigdom og rigdom En heroisk komedie i 5 akter",14,1
"54","æsculapius","Nytårsprolog til en komedie Allerunderdanigst præsenteret af den hele danske bande 1723",1,1
"55","ammen","Barselsstuen Komedie",3,1
"56","andreas","Det arabiske pulver Komedie",15,1
"57","anføreren","Hekseri eller blind alarm Komedie i 5 akter",19,1
"58","anførerne","Ulysses von Ithacia eller En tysk komedie",2,1
"59","anklageren","Hekseri eller blind alarm Komedie i 5 akter",2,1
"60","anklageren1. advokat)","Jeppe på Bjerget eller Den forvandlede bonde",1,1
"61","anne kandestøbers","Barselsstuen Komedie, Den stundesløse Komedie i 3 akter, Julestue Komedie",25,3
"62","anneke","Den politiske kandestøber Komedie",16,1
"63","antonius","Den politiske kandestøber Komedie, Jean de France eller Hans Frandsen Komedie",64,2
"64","apelone","Hekseri eller blind alarm Komedie i 5 akter",45,1
"65","apicius","Den vægelsindede Komedie, Den vægelsindede Komedie i 3 akter",167,2
"66","apollo","Nytårsprolog til en komedie Allerunderdanigst præsenteret af den hele danske bande 1723, Uden hoved og hale Komedie",6,2
"67","arbaces","ARTAXERXES et Heroisk Skuespill udi Tre ACTER.",115,1
"68","arianke","Barselsstuen Komedie, Den politiske kandestøber Komedie",25,2
"69","artabanus","ARTAXERXES et Heroisk Skuespill udi Tre ACTER.",97,1
"70","artabanus og semira.","ARTAXERXES et Heroisk Skuespill udi Tre ACTER.",1,1
"71","artaxerxes","ARTAXERXES et Heroisk Skuespill udi Tre ACTER.",95,1
"72","arv","Den honnette ambition Komedie i 3 akter, Hekseri eller blind alarm Komedie i 5 akter, Henrik og Pernille Komedie i 3 akter, Husspøgelse eller Abracadabra Komedie i 3 akter uden aktricer, Jean de France eller Hans Frandsen Komedie, Julestue Komedie, Kilderejsen Komedie i 3 akter, Maskerade Komedie, Republikken eller Det gemene bedste Komedie i 3 akter",353,9
"73","astrologus","Sganarels rejse til det filosofiske land Komedie i 1 akt hvori skæmtes med de gamle filosofiske sekter",8,1
"74","asverus","Ulysses von Ithacia eller En tysk komedie",2,1
"75","barberen","Den stundesløse Komedie i 3 akter",6,1
"76","baronen","Den honnette ambition Komedie i 3 akter, Jeppe på Bjerget eller Den forvandlede bonde",86,2
"77","barselskvinden","Barselsstuen Komedie",175,1
"78","bellona","Nytårsprolog til en komedie Allerunderdanigst præsenteret af den hele danske bande 1723",1,1
"79","betjenten","Don Ranudo de Colibrados eller Fattigdom og hoffærdighed Komedie i 5 akter, Hekseri eller blind alarm Komedie i 5 akter",22,2
"80","bogholderen","Den stundesløse Komedie i 3 akter",11,1
"81","bondedrengen/paltsgreven","Den pantsatte bondedreng Komedie i 3 akter, Den stundesløse Komedie i 3 akter, Don Ranudo de Colibrados eller Fattigdom og hoffærdighed Komedie i 5 akter, Plutus eller Proces imellem fattigdom og rigdom En heroisk komedie i 5 akter, Ulysses von Ithacia eller En tysk komedie",135,5
"82","bonden","Den pantsatte bondedreng Komedie i 3 akter, Den stundesløse Komedie i 3 akter, Don Ranudo de Colibrados eller Fattigdom og hoffærdighed Komedie i 5 akter, Plutus eller Proces imellem fattigdom og rigdom En heroisk komedie i 5 akter, Ulysses von Ithacia eller En tysk komedie",111,5
"83","borgeren","Den politiske kandestøber Komedie, Mester Gert Westphaler eller Den meget talende barber Komedie",17,2
"84","borgmesteren","Den politiske kandestøber Komedie",9,1
"85","borgmesterinden","Den politiske kandestøber Komedie",1,1
"86","børnene","Julestue Komedie",2,1
"87","bremenfeldt","Republikken eller Det gemene bedste Komedie i 3 akter",10,1
"88","byfogeden","Mester Gert Westphaler eller Den meget talende barber Komedie",9,1
"89","chilian","Ulysses von Ithacia eller En tysk komedie",216,1
"90","chiromanticus","Barselsstuen Komedie",18,1
"91","chorus","ARTAXERXES et Heroisk Skuespill udi Tre ACTER.",3,1
"92","christine","Barselsstuen Komedie",7,1
"93","christoff","Den stundesløse Komedie i 3 akter, Den vægelsindede Komedie, Diderich Menschenskræk Komedie i 1 akt, Jacob von Tyboe eller Den stortalende soldat Komedie, Mester Gert Westphaler eller Den meget talende barber Komedie",96,5
"94","christopher","Barselsstuen Komedie, Den vægelsindede Komedie i 3 akter, Julestue Komedie",56,3
"95","claus","Barselsstuen Komedie",9,1
"96","colombine","De usynlige Komedie i 3 akter",49,1
"97","corfitz","Barselsstuen Komedie, Den stundesløse Komedie i 3 akter",221,2
"98","cosmoligoreus","Philosophus i egen indbildning Komedie i 5 akter",223,1
"99","cupido","Nytårsprolog til en komedie Allerunderdanigst præsenteret af den hele danske bande 1723",1,1
"100","davus","Plutus eller Proces imellem fattigdom og rigdom En heroisk komedie i 5 akter",145,1
"101","de 2 komedianter","Hekseri eller blind alarm Komedie i 5 akter",1,1
"102","den bevæbnede","Melampe Tragikomedie",9,1
"103","den drukne","Det lykkelige skibbrud Komedie i 5 akter, Plutus eller Proces imellem fattigdom og rigdom En heroisk komedie i 5 akter",38,2
"104","den fremmede","Den 11. juni, Mester Gert Westphaler eller Den meget talende barber Komedie",12,2
"105","den fremmede person","Hekseri eller blind alarm Komedie i 5 akter",2,1
"106","den usynlige","De usynlige Komedie i 3 akter",79,1
"107","den usynliges broder","De usynlige Komedie i 3 akter",32,1
"108","dido","Ulysses von Ithacia eller En tysk komedie",24,1
"109","diogenes","Plutus eller Proces imellem fattigdom og rigdom En heroisk komedie i 5 akter",87,1
"110","dobre podolsky","Den honnette ambition Komedie i 3 akter",26,1
"111","doktor","Jeppe på Bjerget eller Den forvandlede bonde",5,1
"112","doktor bombastus","Barselsstuen Komedie, Kilderejsen Komedie i 3 akter, Sganarels rejse til det filosofiske land Komedie i 1 akt hvori skæmtes med de gamle filosofiske sekter",68,3
"113","dommeren","Det lykkelige skibbrud Komedie i 5 akter, Hekseri eller blind alarm Komedie i 5 akter, Jeppe på Bjerget eller Den forvandlede bonde",167,3
"114","don ranudo","Don Ranudo de Colibrados eller Fattigdom og hoffærdighed Komedie i 5 akter",166,1
"115","donna maria","Don Ranudo de Colibrados eller Fattigdom og hoffærdighed Komedie i 5 akter",9,1
"116","donna olympia","Don Ranudo de Colibrados eller Fattigdom og hoffærdighed Komedie i 5 akter",79,1
"117","dorothea","Melampe Tragikomedie",85,1
"118","dorthe","Barselsstuen Komedie",14,1
"119","drengen","Den 11. juni, Den pantsatte bondedreng Komedie i 3 akter, Den politiske kandestøber Komedie, Den vægelsindede Komedie, Den vægelsindede Komedie i 3 akter, Hekseri eller blind alarm Komedie i 5 akter, Jean de France eller Hans Frandsen Komedie, Maskerade Komedie",62,8
"120","eleonora","Uden hoved og hale Komedie",22,1
"121","elisa","Ulysses von Ithacia eller En tysk komedie",18,1
"122","ellen","Barselsstuen Komedie",1,1
"123","else","Barselsstuen Komedie, Julestue Komedie",17,2
"124","elsebet","Den forvandlede brudgom Komedie i 1 akt uden aktører, Jean de France eller Hans Frandsen Komedie",35,2
"125","elvire","Diderich Menschenskræk Komedie i 1 akt",45,1
"126","en af de fremmede","Det arabiske pulver Komedie",1,1
"127","en anden borger","Den politiske kandestøber Komedie",1,1
"128","en anden dreng","Den politiske kandestøber Komedie, Hekseri eller blind alarm Komedie i 5 akter",3,2
"129","en anden vært","Den pantsatte bondedreng Komedie i 3 akter",2,1
"130","en borger","Den politiske kandestøber Komedie",1,1
"131","en gårdskarl","Hekseri eller blind alarm Komedie i 5 akter",6,1
"132","en karl","Maskerade Komedie",2,1
"133","en kavaler","Melampe Tragikomedie",2,1
"134","en officer med knebelsbarter","Barselsstuen Komedie",2,1
"135","en person","Hekseri eller blind alarm Komedie i 5 akter",2,1
"136","en pige","Barselsstuen Komedie, Den politiske kandestøber Komedie, Det lykkelige skibbrud Komedie i 5 akter, Hekseri eller blind alarm Komedie i 5 akter, Melampe Tragikomedie, Plutus eller Proces imellem fattigdom og rigdom En heroisk komedie i 5 akter",66,6
"137","en ridder","Ulysses von Ithacia eller En tysk komedie",1,1
"138","engelke","Den politiske kandestøber Komedie",5,1
"139","ephraim","Husspøgelse eller Abracadabra Komedie i 3 akter uden aktricer",25,1
"140","eraste","Den vægelsindede Komedie i 3 akter",61,1
"141","erastealene)","Den vægelsindede Komedie i 3 akter",3,1
"142","erich madsen","Den stundesløse Komedie i 3 akter",42,1
"143","erik lakaj","Jeppe på Bjerget eller Den forvandlede bonde",7,1
"144","espen","Den vægelsindede Komedie, Den vægelsindede Komedie i 3 akter, Jean de France eller Hans Frandsen Komedie",105,3
"145","euclio","Plutus eller Proces imellem fattigdom og rigdom En heroisk komedie i 5 akter",5,1
"146","faderen","Den pantsatte bondedreng Komedie i 3 akter",9,1
"147","filosoffen","Sganarels rejse til det filosofiske land Komedie i 1 akt hvori skæmtes med de gamle filosofiske sekter",42,1
"148","fiskeren","Melampe Tragikomedie",20,1
"149","flensborgeren","Mester Gert Westphaler eller Den meget talende barber Komedie",20,1
"150","frands","Jean de France eller Hans Frandsen Komedie",97,1
"151","frantz knivsmed","Den politiske kandestøber Komedie",11,1
"152","frantz parykmager","Den politiske kandestøber Komedie",2,1
"153","fremmede","Den 11. juni",12,1
"154","fruen","Barselsstuen Komedie, Det arabiske pulver Komedie, Det lykkelige skibbrud Komedie i 5 akter, Diderich Menschenskræk Komedie i 1 akt, Hekseri eller blind alarm Komedie i 5 akter",43,5
"155","gejsten","Melampe Tragikomedie, Uden hoved og hale Komedie",7,2
"156","gert buntmager","Den politiske kandestøber Komedie, Mester Gert Westphaler eller Den meget talende barber Komedie, Mester Gert Westphaler eller Den meget talende barber Komedie i 1 akt",252,3
"157","geske","Barselsstuen Komedie, Den politiske kandestøber Komedie",89,2
"158","gilbert","Mester Gert Westphaler eller Den meget talende barber Komedie, Mester Gert Westphaler eller Den meget talende barber Komedie i 1 akt",43,2
"159","gonzalo","Don Ranudo de Colibrados eller Fattigdom og hoffærdighed Komedie i 5 akter",22,1
"160","gothard","Barselsstuen Komedie",18,1
"161","gottard","Mester Gert Westphaler eller Den meget talende barber Komedie i 1 akt, Pernilles korte frøkenstand Komedie i 3 akter",20,2
"162","gottfried","Det lykkelige skibbrud Komedie i 5 akter",79,1
"163","greven","Den pantsatte bondedreng Komedie i 3 akter",1,1
"164","gunild","Barselsstuen Komedie, Mester Gert Westphaler eller Den meget talende barber Komedie, Mester Gert Westphaler eller Den meget talende barber Komedie i 1 akt",79,3
"165","gunnild","Uden hoved og hale Komedie",19,1
"166","gusman","Melampe Tragikomedie",13,1
"167","gusmann","Don Ranudo de Colibrados eller Fattigdom og hoffærdighed Komedie i 5 akter",38,1
"168","haagen","Uden hoved og hale Komedie",67,1
"169","hadersleveren","Mester Gert Westphaler eller Den meget talende barber Komedie",10,1
"170","hammer","Den danske komedies ligbegængelse Med Thaliæ afskedstale, forestillet til allersidste slutning af de danske aktører den 25. februar 1727",8,1
"171","harlekin","De usynlige Komedie i 3 akter",200,1
"172","helene","Den vægelsindede Komedie i 3 akter, Ulysses von Ithacia eller En tysk komedie",57,2
"173","henning","Julestue Komedie, Mester Gert Westphaler eller Den meget talende barber Komedie",9,2
"174","henrik","Den 11. juni, Den danske komedies ligbegængelse Med Thaliæ afskedstale, forestillet til allersidste slutning af de danske aktører den 25. februar 1727, Den honnette ambition Komedie i 3 akter, Den politiske kandestøber Komedie, Den vægelsindede Komedie i 3 akter, Det arabiske pulver Komedie, Det lykkelige skibbrud Komedie i 5 akter, Diderich Menschenskræk Komedie i 1 akt, Hekseri eller blind alarm Komedie i 5 akter, Henrik og Pernille Komedie i 3 akter, Husspøgelse eller Abracadabra Komedie i 3 akter uden aktricer, Kilderejsen Komedie i 3 akter, Maskerade Komedie, Mester Gert Westphaler eller Den meget talende barber Komedie i 1 akt, Pernilles korte frøkenstand Komedie i 3 akter, Republikken eller Det gemene bedste Komedie i 3 akter, Uden hoved og hale Komedie",2068,17
"175","herman von bremenfeld","Den politiske kandestøber Komedie, Hekseri eller blind alarm Komedie i 5 akter, Republikken eller Det gemene bedste Komedie i 3 akter",202,3
"176","herren","Hekseri eller blind alarm Komedie i 5 akter",46,1
"177","holophernes","Ulysses von Ithacia eller En tysk komedie",6,1
"178","hyacinthe","Diderich Menschenskræk Komedie i 1 akt",11,1
"179","indenfor [studerende]","Den 11. juni",7,1
"180","ingeborg","Barselsstuen Komedie",8,1
"181","iris","Ulysses von Ithacia eller En tysk komedie",7,1
"182","isabella","Don Ranudo de Colibrados eller Fattigdom og hoffærdighed Komedie i 5 akter",65,1
"183","iversen","Den vægelsindede Komedie",21,1
"184","jacob","Den 11. juni, Erasmus Montanus eller Rasmus Berg Komedie i 5 akter, Jeppe på Bjerget eller Den forvandlede bonde",165,3
"185","jean","Hekseri eller blind alarm Komedie i 5 akter, Jean de France eller Hans Frandsen Komedie",171,2
"186","jens","Den stundesløse Komedie i 3 akter, Jacob von Tyboe eller Den stortalende soldat Komedie",80,2
"187","jens griffel","Den stundesløse Komedie i 3 akter, Jacob von Tyboe eller Den stortalende soldat Komedie",81,2
"188","jeppe","Erasmus Montanus eller Rasmus Berg Komedie i 5 akter, Jeppe på Bjerget eller Den forvandlede bonde",259,2
"189","jeronimus","Barselsstuen Komedie, Den honnette ambition Komedie i 3 akter, Det lykkelige skibbrud Komedie i 5 akter, Diderich Menschenskræk Komedie i 1 akt, Erasmus Montanus eller Rasmus Berg Komedie i 5 akter, Henrik og Pernille Komedie i 3 akter, Husspøgelse eller Abracadabra Komedie i 3 akter uden aktricer, Jean de France eller Hans Frandsen Komedie, Julestue Komedie, Kilderejsen Komedie i 3 akter, Maskerade Komedie, Pernilles korte frøkenstand Komedie i 3 akter, Philosophus i egen indbildning Komedie i 5 akter",1399,13
"190","jesper oldfux","Erasmus Montanus eller Rasmus Berg Komedie i 5 akter, Husspøgelse eller Abracadabra Komedie i 3 akter uden aktricer, Jacob von Tyboe eller Den stortalende soldat Komedie, Mester Gert Westphaler eller Den meget talende barber Komedie, Mester Gert Westphaler eller Den meget talende barber Komedie i 1 akt",297,5
"191","jochum","Den politiske kandestøber Komedie",1,1
"192","jøden","Den 11. juni, Det arabiske pulver Komedie, Diderich Menschenskræk Komedie i 1 akt",98,3
"193","jomfruen","Plutus eller Proces imellem fattigdom og rigdom En heroisk komedie i 5 akter",11,1
"194","jørgen handskemager","Mester Gert Westphaler eller Den meget talende barber Komedie",17,1
"195","juno","Ulysses von Ithacia eller En tysk komedie",8,1
"196","jupiter","Uden hoved og hale Komedie",6,1
"197","juveleren","Den pantsatte bondedreng Komedie i 3 akter",27,1
"198","kællingen","Barselsstuen Komedie, Den politiske kandestøber Komedie, Hekseri eller blind alarm Komedie i 5 akter, Mester Gert Westphaler eller Den meget talende barber Komedie",43,4
"199","kæresten","Hekseri eller blind alarm Komedie i 5 akter",4,1
"200","kammertjener","Jeppe på Bjerget eller Den forvandlede bonde",23,1
"201","karen","Barselsstuen Komedie",3,1
"202","karlene","Den stundesløse Komedie i 3 akter",1,1
"203","kavaleren","Den vægelsindede Komedie, Det lykkelige skibbrud Komedie i 5 akter, Plutus eller Proces imellem fattigdom og rigdom En heroisk komedie i 5 akter",48,3
"204","kirsten","Den forvandlede brudgom Komedie i 1 akt uden aktører",60,1
"205","knud","Den 11. juni",7,1
"206","købmanden","Den 11. juni",8,1
"207","kokken","Det arabiske pulver Komedie",5,1
"208","konen","Barselsstuen Komedie, Den pantsatte bondedreng Komedie i 3 akter, Hekseri eller blind alarm Komedie i 5 akter, Jeppe på Bjerget eller Den forvandlede bonde, Maskerade Komedie",32,5
"209","korporal","Diderich Menschenskræk Komedie i 1 akt",2,1
"210","kusken","Kilderejsen Komedie i 3 akter",7,1
"211","lakaj","Den honnette ambition Komedie i 3 akter, Den politiske kandestøber Komedie, Den vægelsindede Komedie, Den vægelsindede Komedie i 3 akter, Husspøgelse eller Abracadabra Komedie i 3 akter uden aktricer, Jeppe på Bjerget eller Den forvandlede bonde, Kilderejsen Komedie i 3 akter",78,7
"212","lakajerne","Den pantsatte bondedreng Komedie i 3 akter",1,1
"213","lars","Den stundesløse Komedie i 3 akter, Hekseri eller blind alarm Komedie i 5 akter",9,2
"214","laurentia","Den forvandlede brudgom Komedie i 1 akt uden aktører",7,1
"215","leander","De usynlige Komedie i 3 akter, Den honnette ambition Komedie i 3 akter, Den pantsatte bondedreng Komedie i 3 akter, Den stundesløse Komedie i 3 akter, Det arabiske pulver Komedie, Det lykkelige skibbrud Komedie i 5 akter, Diderich Menschenskræk Komedie i 1 akt, Hekseri eller blind alarm Komedie i 5 akter, Henrik og Pernille Komedie i 3 akter, Husspøgelse eller Abracadabra Komedie i 3 akter uden aktricer, Julestue Komedie, Kilderejsen Komedie i 3 akter, Maskerade Komedie, Melampe Tragikomedie, Pernilles korte frøkenstand Komedie i 3 akter, Philosophus i egen indbildning Komedie i 5 akter, Republikken eller Det gemene bedste Komedie i 3 akter, Sganarels rejse til det filosofiske land Komedie i 1 akt hvori skæmtes med de gamle filosofiske sekter, Uden hoved og hale Komedie",2120,19
"216","leander og oldfux","Den stundesløse Komedie i 3 akter",1,1
"217","leanders vært","Julestue Komedie",1,1
"218","leerbeutel","Den pantsatte bondedreng Komedie i 3 akter, Republikken eller Det gemene bedste Komedie i 3 akter",134,2
"219","leonard","Den honnette ambition Komedie i 3 akter, Den stundesløse Komedie i 3 akter, Henrik og Pernille Komedie i 3 akter, Husspøgelse eller Abracadabra Komedie i 3 akter uden aktricer, Jacob von Tyboe eller Den stortalende soldat Komedie, Kilderejsen Komedie i 3 akter, Maskerade Komedie, Mester Gert Westphaler eller Den meget talende barber Komedie i 1 akt, Pernilles korte frøkenstand Komedie i 3 akter",371,9
"220","leonora","Den forvandlede brudgom Komedie i 1 akt uden aktører, Den stundesløse Komedie i 3 akter, Det arabiske pulver Komedie, Det lykkelige skibbrud Komedie i 5 akter, Don Ranudo de Colibrados eller Fattigdom og hoffærdighed Komedie i 5 akter, Henrik og Pernille Komedie i 3 akter, Jacob von Tyboe eller Den stortalende soldat Komedie, Julestue Komedie, Kilderejsen Komedie i 3 akter, Maskerade Komedie, Mester Gert Westphaler eller Den meget talende barber Komedie i 1 akt, Philosophus i egen indbildning Komedie i 5 akter, Republikken eller Det gemene bedste Komedie i 3 akter",562,13
"221","leonore","Den honnette ambition Komedie i 3 akter, Den vægelsindede Komedie i 3 akter, Pernilles korte frøkenstand Komedie i 3 akter",146,3
"222","lisbed","Erasmus Montanus eller Rasmus Berg Komedie i 5 akter",26,1
"223","løjtnant","Erasmus Montanus eller Rasmus Berg Komedie i 5 akter",36,1
"224","lucie","Pernilles korte frøkenstand Komedie i 3 akter",10,1
"225","lucilia","Jacob von Tyboe eller Den stortalende soldat Komedie, Melampe Tragikomedie",35,2
"226","lucretia","Den 11. juni, Den vægelsindede Komedie, Den vægelsindede Komedie i 3 akter, Hekseri eller blind alarm Komedie i 5 akter",221,4
"227","madame abrahamsens","Den politiske kandestøber Komedie",4,1
"228","madame la fleche","Jean de France eller Hans Frandsen Komedie",13,1
"229","madame sanderus","Den politiske kandestøber Komedie",4,1
"230","madame ståbi","Den pantsatte bondedreng Komedie i 3 akter",21,1
"231","mademoiselle hiort","Den danske komedies ligbegængelse Med Thaliæ afskedstale, forestillet til allersidste slutning af de danske aktører den 25. februar 1727",10,1
"232","magdelone","De usynlige Komedie i 3 akter, Den honnette ambition Komedie i 3 akter, Den stundesløse Komedie i 3 akter, Det lykkelige skibbrud Komedie i 5 akter, Erasmus Montanus eller Rasmus Berg Komedie i 5 akter, Henrik og Pernille Komedie i 3 akter, Jean de France eller Hans Frandsen Komedie, Julestue Komedie, Kilderejsen Komedie i 3 akter, Maskerade Komedie, Pernilles korte frøkenstand Komedie i 3 akter",418,11
"233","magnus","Jeppe på Bjerget eller Den forvandlede bonde",8,1
"234","mandane","ARTAXERXES et Heroisk Skuespill udi Tre ACTER.",84,1
"235","manden","Den politiske kandestøber Komedie, Den vægelsindede Komedie, Hekseri eller blind alarm Komedie i 5 akter",100,3
"236","manden i portechaisen","Hekseri eller blind alarm Komedie i 5 akter",13,1
"237","marcolfus","Ulysses von Ithacia eller En tysk komedie",25,1
"238","marie","Julestue Komedie, Mester Gert Westphaler eller Den meget talende barber Komedie",20,2
"239","mars","Nytårsprolog til en komedie Allerunderdanigst præsenteret af den hele danske bande 1723",1,1
"240","marthe","Jean de France eller Hans Frandsen Komedie, Uden hoved og hale Komedie",53,2
"241","menander","Plutus eller Proces imellem fattigdom og rigdom En heroisk komedie i 5 akter",5,1
"242","mercurius","Nytårsprolog til en komedie Allerunderdanigst præsenteret af den hele danske bande 1723, Plutus eller Proces imellem fattigdom og rigdom En heroisk komedie i 5 akter",6,2
"243","mester bonifacius","Barselsstuen Komedie",23,1
"244","mester gert westphaler","Den politiske kandestøber Komedie, Mester Gert Westphaler eller Den meget talende barber Komedie, Mester Gert Westphaler eller Den meget talende barber Komedie i 1 akt",560,3
"245","mester herman","Hekseri eller blind alarm Komedie i 5 akter",10,1
"246","mithridates","Ulysses von Ithacia eller En tysk komedie",7,1
"247","momus","Nytårsprolog til en komedie Allerunderdanigst præsenteret af den hele danske bande 1723, Uden hoved og hale Komedie",9,2
"248","montanus","Erasmus Montanus eller Rasmus Berg Komedie i 5 akter",217,1
"249","moralisten","Plutus eller Proces imellem fattigdom og rigdom En heroisk komedie i 5 akter",3,1
"250","musikanten","Den pantsatte bondedreng Komedie i 3 akter, Den vægelsindede Komedie, Den vægelsindede Komedie i 3 akter",24,3
"251","niels","Erasmus Montanus eller Rasmus Berg Komedie i 5 akter, Mester Gert Westphaler eller Den meget talende barber Komedie",15,2
"252","niels christensen","Den 11. juni",35,1
"253","nille","Erasmus Montanus eller Rasmus Berg Komedie i 5 akter, Jeppe på Bjerget eller Den forvandlede bonde",72,2
"254","notarius","Den stundesløse Komedie i 3 akter, Don Ranudo de Colibrados eller Fattigdom og hoffærdighed Komedie i 5 akter, Henrik og Pernille Komedie i 3 akter, Mester Gert Westphaler eller Den meget talende barber Komedie i 1 akt, Pernilles korte frøkenstand Komedie i 3 akter",42,5
"255","novatianus","Republikken eller Det gemene bedste Komedie i 3 akter",20,1
"256","octavius","Husspøgelse eller Abracadabra Komedie i 3 akter uden aktricer",25,1
"257","officeren","Barselsstuen Komedie, Det lykkelige skibbrud Komedie i 5 akter, Diderich Menschenskræk Komedie i 1 akt, Jacob von Tyboe eller Den stortalende soldat Komedie",182,4
"258","ohngeldt","Republikken eller Det gemene bedste Komedie i 3 akter",8,1
"259","oldfux","Den stundesløse Komedie i 3 akter, Det arabiske pulver Komedie, Det lykkelige skibbrud Komedie i 5 akter, Melampe Tragikomedie",188,4
"260","øllegård","Barselsstuen Komedie, Den vægelsindede Komedie, Ulysses von Ithacia eller En tysk komedie",31,3
"261","ovidius","Uden hoved og hale Komedie",98,1
"262","pagen","Det lykkelige skibbrud Komedie i 5 akter",1,1
"263","palæstrio","Plutus eller Proces imellem fattigdom og rigdom En heroisk komedie i 5 akter",26,1
"264","pallas","Ulysses von Ithacia eller En tysk komedie",3,1
"265","pandolfus","Melampe Tragikomedie",7,1
"266","paris","Ulysses von Ithacia eller En tysk komedie",18,1
"267","peder","Den stundesløse Komedie i 3 akter",5,1
"268","pedro","Don Ranudo de Colibrados eller Fattigdom og hoffærdighed Komedie i 5 akter, Melampe Tragikomedie",144,2
"269","peer","Den vægelsindede Komedie, Jacob von Tyboe eller Den stortalende soldat Komedie",106,2
"270","peiter","Den pantsatte bondedreng Komedie i 3 akter, Den politiske kandestøber Komedie",11,2
"271","penelope","Ulysses von Ithacia eller En tysk komedie",9,1
"272","penia","Plutus eller Proces imellem fattigdom og rigdom En heroisk komedie i 5 akter",22,1
"273","per","Erasmus Montanus eller Rasmus Berg Komedie i 5 akter, Julestue Komedie",75,2
"274","pernille","Den forvandlede brudgom Komedie i 1 akt uden aktører, Den honnette ambition Komedie i 3 akter, Den pantsatte bondedreng Komedie i 3 akter, Den stundesløse Komedie i 3 akter, Den vægelsindede Komedie i 3 akter, Det arabiske pulver Komedie, Det lykkelige skibbrud Komedie i 5 akter, Henrik og Pernille Komedie i 3 akter, Jacob von Tyboe eller Den stortalende soldat Komedie, Julestue Komedie, Kilderejsen Komedie i 3 akter, Maskerade Komedie, Mester Gert Westphaler eller Den meget talende barber Komedie i 1 akt, Pernilles korte frøkenstand Komedie i 3 akter, Philosophus i egen indbildning Komedie i 5 akter, Republikken eller Det gemene bedste Komedie i 3 akter, Uden hoved og hale Komedie",3634,17
"275","pernillegrædende)","Det lykkelige skibbrud Komedie i 5 akter",1,1
"276","petronius","Den vægelsindede Komedie i 3 akter, Jacob von Tyboe eller Den stortalende soldat Komedie, Philosophus i egen indbildning Komedie i 5 akter",267,3
"277","philemon","Det lykkelige skibbrud Komedie i 5 akter",54,1
"278","philocyne","Melampe Tragikomedie",24,1
"279","pierre","Jean de France eller Hans Frandsen Komedie",76,1
"280","pigen","Barselsstuen Komedie, Den 11. juni, Den politiske kandestøber Komedie, Det lykkelige skibbrud Komedie i 5 akter, Hekseri eller blind alarm Komedie i 5 akter, Melampe Tragikomedie, Plutus eller Proces imellem fattigdom og rigdom En heroisk komedie i 5 akter",193,7
"281","plutus","Plutus eller Proces imellem fattigdom og rigdom En heroisk komedie i 5 akter",82,1
"282","poeten","Barselsstuen Komedie",13,1
"283","poeterne","Det arabiske pulver Komedie",11,1
"284","polidorus","Det arabiske pulver Komedie, Melampe Tragikomedie",126,2
"285","polyphemus","Sganarels rejse til det filosofiske land Komedie i 1 akt hvori skæmtes med de gamle filosofiske sekter",8,1
"286","postkarlen","Den pantsatte bondedreng Komedie i 3 akter",3,1
"287","præsten","Plutus eller Proces imellem fattigdom og rigdom En heroisk komedie i 5 akter",5,1
"288","proprietær","Den 11. juni",8,1
"289","rasmus","Ulysses von Ithacia eller En tysk komedie",23,1
"290","republikken","Republikken eller Det gemene bedste Komedie i 3 akter",85,1
"291","richart børstenbinder","Den politiske kandestøber Komedie",4,1
"292","ridefogeden","Jeppe på Bjerget eller Den forvandlede bonde",12,1
"293","roland","Uden hoved og hale Komedie",86,1
"294","rosiflengius","Det lykkelige skibbrud Komedie i 5 akter",110,1
"295","rosimunda","Ulysses von Ithacia eller En tysk komedie",10,1
"296","sanderus","Den politiske kandestøber Komedie",13,1
"297","schumacher","Den danske komedies ligbegængelse Med Thaliæ afskedstale, forestillet til allersidste slutning af de danske aktører den 25. februar 1727",15,1
"298","sekretæren","Jeppe på Bjerget eller Den forvandlede bonde",9,1
"299","semira","ARTAXERXES et Heroisk Skuespill udi Tre ACTER.",41,1
"300","sganarel","Melampe Tragikomedie, Nytårsprolog til en komedie Allerunderdanigst præsenteret af den hele danske bande 1723, Sganarels rejse til det filosofiske land Komedie i 1 akt hvori skæmtes med de gamle filosofiske sekter, Uden hoved og hale Komedie",338,4
"301","sganarel og dorothea","Melampe Tragikomedie",2,1
"302","sganarelsagte)","Sganarels rejse til det filosofiske land Komedie i 1 akt hvori skæmtes med de gamle filosofiske sekter",2,1
"303","sivert posekigger","Den politiske kandestøber Komedie",7,1
"304","skærsliberen","Det lykkelige skibbrud Komedie i 5 akter",4,1
"305","skøgen","Det lykkelige skibbrud Komedie i 5 akter",16,1
"306","skolemesteren","Det lykkelige skibbrud Komedie i 5 akter, Julestue Komedie, Plutus eller Proces imellem fattigdom og rigdom En heroisk komedie i 5 akter",43,3
"307","skrædderen","Den honnette ambition Komedie i 3 akter, Den stundesløse Komedie i 3 akter",4,2
"308","skriveren","Det lykkelige skibbrud Komedie i 5 akter, Hekseri eller blind alarm Komedie i 5 akter, Plutus eller Proces imellem fattigdom og rigdom En heroisk komedie i 5 akter, Republikken eller Det gemene bedste Komedie i 3 akter",94,4
"309","skyldenborg","Den 11. juni",72,1
"310","soldaten","Diderich Menschenskræk Komedie i 1 akt",17,1
"311","sparenborg","Den vægelsindede Komedie",70,1
"312","spilleren","Jean de France eller Hans Frandsen Komedie",17,1
"313","stine","Barselsstuen Komedie",9,1
"314","studenstrup","Den 11. juni",215,1
"315","svenden","Mester Gert Westphaler eller Den meget talende barber Komedie i 1 akt",8,1
"316","svinene","Ulysses von Ithacia eller En tysk komedie",5,1
"317","terentia","Den forvandlede brudgom Komedie i 1 akt uden aktører, Den vægelsindede Komedie, Hekseri eller blind alarm Komedie i 5 akter",127,3
"318","thalia","Nytårsprolog til en komedie Allerunderdanigst præsenteret af den hele danske bande 1723",1,1
"319","theophilus","Mester Gert Westphaler eller Den meget talende barber Komedie",4,1
"320","timotheus","Plutus eller Proces imellem fattigdom og rigdom En heroisk komedie i 5 akter",28,1
"321","tiresius","Ulysses von Ithacia eller En tysk komedie",6,1
"322","tjeneren","Plutus eller Proces imellem fattigdom og rigdom En heroisk komedie i 5 akter",2,1
"323","to drenge","Hekseri eller blind alarm Komedie i 5 akter",2,1
"324","to lakajer","Den politiske kandestøber Komedie",1,1
"325","to mænd","Den 11. juni",2,1
"326","to soldater med en tambur","Barselsstuen Komedie",2,1
"327","tobias prokurator","Mester Gert Westphaler eller Den meget talende barber Komedie, Mester Gert Westphaler eller Den meget talende barber Komedie i 1 akt",80,2
"328","torben","Den vægelsindede Komedie",73,1
"329","trækholdt","Den 11. juni",13,1
"330","troels","Barselsstuen Komedie",128,1
"331","trojaneren","Ulysses von Ithacia eller En tysk komedie",25,1
"332","tutti","Den politiske kandestøber Komedie, Den stundesløse Komedie i 3 akter, Julestue Komedie, Sganarels rejse til det filosofiske land Komedie i 1 akt hvori skæmtes med de gamle filosofiske sekter",14,4
"333","tvende mænd","Mester Gert Westphaler eller Den meget talende barber Komedie",5,1
"334","tyboe","Jacob von Tyboe eller Den stortalende soldat Komedie",143,1
"335","tychonius","Jacob von Tyboe eller Den stortalende soldat Komedie",72,1
"336","tyven","Hekseri eller blind alarm Komedie i 5 akter",2,1
"337","udtolkeren","Don Ranudo de Colibrados eller Fattigdom og hoffærdighed Komedie i 5 akter",28,1
"338","ulysses","Ulysses von Ithacia eller En tysk komedie",134,1
"339","vægter","Den 11. juni",5,1
"340","vægterne","Den 11. juni, Julestue Komedie",4,2
"341","værten","Den pantsatte bondedreng Komedie i 3 akter, Den politiske kandestøber Komedie, Det arabiske pulver Komedie, Hekseri eller blind alarm Komedie i 5 akter, Jacob von Tyboe eller Den stortalende soldat Komedie, Julestue Komedie, Mester Gert Westphaler eller Den meget talende barber Komedie",336,7
"342","venus","Ulysses von Ithacia eller En tysk komedie",4,1
"343","vielgeschrey","Den stundesløse Komedie i 3 akter",315,1
"344","von qvoten","Hekseri eller blind alarm Komedie i 5 akter",8,1
"345","vulcanus","Nytårsprolog til en komedie Allerunderdanigst præsenteret af den hele danske bande 1723, Uden hoved og hale Komedie",5,2
